title,rating,review_count,rating_category,address,located_in,working_hours,website,phone,plus_code,popular_hours_of_today,photos,keycontent,id,reviews,geo_location,longitude,latitude,url,timestamp
Restorante Valentino,4.6 stars,148 reviews,,"Jane Sandanski 56, Ohrid 6000, North Macedonia",,"Open now:, 8AM‚Äì12AMThursday, 8AM‚Äì12AM, Holiday hours, Hours might differ, Friday, 8AM‚Äì12AM, Holiday hours, Hours might differ, Saturday, 8AM‚Äì12AM, Holiday hours, Hours might differ, Sunday, 8AM‚Äì12AM, Holiday hours, Hours might differ, Monday, 8AM‚Äì12AM, Holiday hours, Hours might differ, Tuesday, 8AM‚Äì12AM, Holiday hours, Hours might differ, Wednesday, 8AM‚Äì12AM, Holiday hours, Hours might differ",,38946609409,"4R76+G8 Ohrid, North Macedonia Copy plus code",,"https://lh5.googleusercontent.com/p/AF1QipMdvNhfhx-mFXiF8YheXs_Ju3t2RZTEjsROV2dk=w397-h298-k-no, https://lh5.googleusercontent.com/p/AF1QipMIIcvrtxnIwNBhnVK8YTcjFyqMymj39O1yRdkc=w447-h298-k-no, https://lh5.googleusercontent.com/p/AF1QipMaOlY4egQG6xcBqTrQa2tuerD-PtEF6U_GmFEZ=w447-h298-k-no, https://streetviewpixels-pa.googleapis.com/v1/thumbnail?panoid=oBdz6X3GpyU-7L-BbrtqCQ&cb_client=maps_sv.tactile.gps&w=224&h=298&yaw=137.7977&pitch=0&thumbfov=100",RestoranteValentino46stars148,41f2ede9b32700b7838fb3222ae51196,[],"['41.1138651', '20.8085924']",20.8085924,41.1138651,"https://www.google.com/maps/place/Restorante+Valentino/@41.1138651,20.8085924,17z/data=!3m1!4b1!4m8!3m7!1s0x1350db5efdcc28ef:0x88b29538a2e1e955!5m2!4m1!1i2!8m2!3d41.1138651!4d20.8107811?authuser=0&hl=en",2021-11-11T14:33:54Z
Vkusno Salim Usta,4.6 stars,776 reviews,Turkish restaurant,"4Q8X+PFW, Ohrid, North Macedonia",,"Open now:, 9AM‚Äì1AMThursday, 9AM‚Äì1AM, Holiday hours, Hours might differ, Friday, 9AM‚Äì1AM, Holiday hours, Hours might differ, Saturday, 9AM‚Äì1AM, Holiday hours, Hours might differ, Sunday, 9AM‚Äì11PM, Holiday hours, Hours might differ, Monday, 9AM‚Äì1AM, Holiday hours, Hours might differ, Tuesday, 9AM‚Äì1AM, Holiday hours, Hours might differ, Wednesday, 9AM‚Äì1AM, Holiday hours, Hours might differ",,38971606946,,,"https://lh5.googleusercontent.com/p/AF1QipMGbvothF8BKVBsJBwZJjNU_WckIN38-8MlFzqP=w529-h298-k-no, https://lh5.googleusercontent.com/p/AF1QipMCcmK5iaP6vOBB4y7Hylhjsp1a6ANFaiMd10a2=w224-h298-k-no, https://lh5.googleusercontent.com/p/AF1QipOW6GGFpg7PdCuOffBJ9176iw2Z2j69CMwiXmZ7=w397-h298-k-no, https://lh5.googleusercontent.com/p/AF1QipMQxaqkLRm7NeN26K1JBzchrh0ak0YgfRn9rvJN=w398-h298-k-no, https://lh5.googleusercontent.com/p/AF1QipMtQQIo8SVpP4Opq1NBBo8gDsnGzVJxImJAFio4=w397-h298-k-no, https://streetviewpixels-pa.googleapis.com/v1/thumbnail?panoid=E93VX-l6pU53JSjdZPScSQ&cb_client=maps_sv.tactile.gps&w=224&h=298&yaw=188.81088&pitch=0&thumbfov=100, https://lh5.googleusercontent.com/p/AF1QipMitJuhPe4bhdL_mhiagnyOh6QI1Nu0F9UIZ2Po=w529-h298-k-no",VkusnoSalimUsta46stars776,ed6a9e3177f73542438d08645f4ee3d7,"[{'review_title': '', 'reviewer': 'Cristi', 'review': 'We saw this place full for lunch and we went for dinner, when it was full again. The food is cheap, place and service are basic, the quantity and quality are good. The portion of 10 kebabs is the foundation. We chose the half chicken, very ‚Ä¶', 'review_age': '4 months ago'}, {'review_title': '', 'reviewer': 'Alexander Melo G√≥mez', 'review': 'Big portions, low prices and delicious food. We went twice there and we were very happy with our food. I ordered a small portion of fries and it was bigger than what you can find in any other restaurant. When ordering wine, we got the ‚Ä¶', 'review_age': '9 months ago'}, {'review_title': '', 'reviewer': 'Jamie', 'review': 'The food here is delicious and well priced for the quantity - I ordered goulash which was delicious. The bread here is also very tasty and higher quality than what I have eaten at other restaurants.  My server was kind, polite, and spoke ‚Ä¶', 'review_age': '8 months ago'}]","['41.116871', '20.7965217']",20.7965217,41.116871,"https://www.google.com/maps/place/Vkusno+Salim+Usta/@41.116871,20.7965217,17z/data=!3m1!4b1!4m5!3m4!1s0x1350dca24eefdf4b:0x4ab7d62c9492658f!8m2!3d41.116871!4d20.7987104?authuser=0&hl=en",2021-11-11T14:34:08Z
VIlla Kotlar Ohrid,5.0 stars,28 reviews,Apartment complex,"Bistrica 21, Ohrid 6000, North Macedonia",,,,38976284500,"4Q9Q+X2 Ohrid, North Macedonia Copy plus code",,"https://lh5.googleusercontent.com/p/AF1QipMB1XI0hSAlttDnXqtuxbVQMS6JOGAcVSVfAvEE=w447-h298-k-no, https://lh5.googleusercontent.com/p/AF1QipNaZFM53smJFLnWN5Zpbx7msFB-AvB0swCc94jo=w459-h298-k-no, https://lh5.googleusercontent.com/p/AF1QipNiLkwFwB1SXVyR6Q9HG-Kw-fUJNJEUZzT9rpY5=w397-h298-k-no, https://lh5.googleusercontent.com/p/AF1QipM2LWJKbzvfuY-hTx3lMlM2XNwgDoY8N5T80kOt=w475-h298-k-no, https://lh5.googleusercontent.com/p/AF1QipOioMDfsGkV6_xmYKxqf011ntlwYRNy6piOseeV=w224-h298-k-no, https://streetviewpixels-pa.googleapis.com/v1/thumbnail?panoid=12E3SHoppzzMBLkG_Jj2MQ&cb_client=maps_sv.tactile.gps&w=224&h=298&yaw=323.43274&pitch=0&thumbfov=100",VIllaKotlarOhrid50stars28,b46fdf1804a410167e64e48e020a542c,"[{'review_title': '', 'reviewer': 'Michelle Desair', 'review': 'Lovely hotel with friendly staff. Not far away from the lake and walking distance from the city center. I can definitely recommend this hotel.', 'review_age': '3 months ago'}, {'review_title': '', 'reviewer': 'Peter Olthof', 'review': 'Simply amazing. Great breakfast, amazing rooms especially for the price you pay, very kind personal and located near about everything you could ask for!', 'review_age': '2 years ago'}, {'review_title': '', 'reviewer': 'Mandy Veldhoen', 'review': 'Had an amazing time at Villa Kotlar. The rooms are perfect with great beds and also the shower was really nice. There is even a little fridge in your room so you can cool some water. ‚Ä¶', 'review_age': '2 years ago'}]","['41.1199687', '20.7853779']",20.7853779,41.1199687,"https://www.google.com/maps/place/VIlla+Kotlar+Ohrid/@41.1199687,20.7853779,17z/data=!3m1!4b1!4m5!3m4!1s0x1350ddfdd760cd61:0xf110bc6f7e92c1cf!8m2!3d41.1199687!4d20.7875666?authuser=0&hl=en",2021-11-11T14:34:24Z
Terrazza Aquarius,4.5 stars,737 reviews,Cafe,"Kosta Abrash, Ohrid 6000, North Macedonia",,"Open now:, 8AM‚Äì1AMThursday, 8AM‚Äì1AM, Holiday hours, Hours might differ, Friday, 8AM‚Äì1AM, Holiday hours, Hours might differ, Saturday, 8AM‚Äì1AM, Holiday hours, Hours might differ, Sunday, 8AM‚Äì1AM, Holiday hours, Hours might differ, Monday, 8AM‚Äì1AM, Holiday hours, Hours might differ, Tuesday, 8AM‚Äì1AM, Holiday hours, Hours might differ, Wednesday, 8AM‚Äì1AM, Holiday hours, Hours might differ",aquarius-oh.mk,38946252625,"4Q6W+PW Ohrid, North Macedonia Copy plus code",,"https://lh5.googleusercontent.com/p/AF1QipN5A9IfquQABLIOdgUvkZ47ScJfzuKYVen9cZwI=w613-h298-k-no, https://lh5.googleusercontent.com/p/AF1QipNvmIeCYcodOC9zVxxP_JZcTSd5RDkHTnRP0cgZ=w529-h298-k-no, https://lh5.googleusercontent.com/p/AF1QipPRkjbXgaXPxUsIIZed8W0oc8trohaB7xp9p-dw=w224-h397-k-no, https://lh5.googleusercontent.com/p/AF1QipPvauiuB6dnwHAvFBRxtOjZxCkWtFTqsSQVu9KS=w224-h298-k-no-pi-0-ya118.5619-ro0-fo100, https://lh5.googleusercontent.com/p/AF1QipMM0s-j1YXkd2spiyyIVeRnHRPVBbx9m4fCniGs=w529-h298-k-no",TerrazzaAquarius45stars737,4a3c84a5363a5a41b66ebcd6687b4b13,"[{'review_title': '', 'reviewer': 'Eduardo Velasquez', 'review': 'The place itself was actually quite picturesque and I liked it, but I was there minding my own business and enjoying the view and my beer when the waiter appeared out of nowhere asking me to pay for my beer right away. I politely answered ‚Ä¶', 'review_age': '2 months ago'}, {'review_title': '', 'reviewer': 'Artur Corte', 'review': 'Good views, good craft beer', 'review_age': '2 months ago'}, {'review_title': '', 'reviewer': 'Emilijana Tomanoska', 'review': 'Excellent place for relaxing. Very nice view on Ohrid lake. Special spirit . love this place', 'review_age': 'a year ago'}]","['41.1118234', '20.7951118']",20.7951118,41.1118234,"https://www.google.com/maps/place/Terrazza+Aquarius/@41.1118234,20.7951118,17z/data=!3m1!4b1!4m5!3m4!1s0x1350dca51fea07b1:0xe10ff4253d9071e5!8m2!3d41.1118234!4d20.7973005?authuser=0&hl=en",2021-11-11T14:34:37Z
Restoran Stanica,4.5 stars,328 reviews,Restaurant,"Budva 22, Ohrid, North Macedonia",,"Open now:, 8AM‚Äì12AMThursday, 8AM‚Äì12AM, Holiday hours, Hours might differ, Friday, 8AM‚Äì12AM, Holiday hours, Hours might differ, Saturday, 8AM‚Äì12AM, Holiday hours, Hours might differ, Sunday, 8AM‚Äì12AM, Holiday hours, Hours might differ, Monday, 8AM‚Äì12AM, Holiday hours, Hours might differ, Tuesday, 8AM‚Äì12AM, Holiday hours, Hours might differ, Wednesday, 8AM‚Äì12AM, Holiday hours, Hours might differ",,38946259059,"4RG4+FR Ohrid, North Macedonia Copy plus code",,"https://lh5.googleusercontent.com/p/AF1QipMX_788Nl2EQc596A63w3qEDD9K2I9PwzsmtyHd=w397-h298-k-no, https://lh5.googleusercontent.com/p/AF1QipOU6e5Wqjp9OgWyz4MdXVp0buuyxhXE62-AROXX=w397-h298-k-no, https://lh5.googleusercontent.com/p/AF1QipOK1y6ycYDSdksLOn62-c887VxW9ZHCoM1XrJj9=w397-h298-k-no, https://lh5.googleusercontent.com/p/AF1QipMn8Oq1Lq8eqRwKgNUCcZWnulbI8WWb8C648_4R=w224-h398-k-no, https://streetviewpixels-pa.googleapis.com/v1/thumbnail?panoid=JNdY13ea38IdbXbYTGl1xw&cb_client=maps_sv.tactile.gps&w=224&h=298&yaw=80.229126&pitch=0&thumbfov=100, https://lh5.googleusercontent.com/p/AF1QipMheqhk4nK4ldbIQ91XSQG_SmsPg1_sdu5on3ko=w224-h398-k-no",RestoranStanica45stars328,6f40812857d26bc63856e925209538a8,"[{'review_title': '', 'reviewer': 'Jacob Parry', 'review': 'Good quality food and good service. Great spot to go if you have to go to the bus station (7 minute walk away)', 'review_age': '3 months ago'}, {'review_title': '', 'reviewer': 'Amanda Aleksova', 'review': 'Really friendly staff, for anyone who enjoys meat this is definatelty the best place to come. They also have lots of other delicious meals, good selection of salads.', 'review_age': '3 months ago'}, {'review_title': '', 'reviewer': 'Pete Z', 'review': 'Very good restaurant serving breakfast and good lunch and dinner. Mostly locals come here.', 'review_age': '8 months ago'}]","['41.126152', '20.8048982']",20.8048982,41.126152,"https://www.google.com/maps/place/Restoran+Stanica/@41.126152,20.8048982,17z/data=!3m1!4b1!4m5!3m4!1s0x1350ddd8cee2257b:0x25a0b4a1fba8cd19!8m2!3d41.126152!4d20.8070869?authuser=0&hl=en",2021-11-11T14:34:50Z
Pizza Nemo,4.5 stars,558 reviews,Pizza restaurant,"MK, Tsar Samoil, Ohrid 6000, North Macedonia",,"Open now:, 9AM‚Äì12AMThursday, 9AM‚Äì12AM, Holiday hours, Hours might differ, Friday, 9AM‚Äì1AM, Holiday hours, Hours might differ, Saturday, 9AM‚Äì1AM, Holiday hours, Hours might differ, Sunday, 9AM‚Äì12AM, Holiday hours, Hours might differ, Monday, 9AM‚Äì12AM, Holiday hours, Hours might differ, Tuesday, 9AM‚Äì12AM, Holiday hours, Hours might differ, Wednesday, 9AM‚Äì12AM, Holiday hours, Hours might differ",pizzanemo.com,38946253355,"4Q7X+3F Ohrid, North Macedonia Copy plus code",,"https://lh5.googleusercontent.com/p/AF1QipOv6Cn34GPQhOS1vWBRZo3kvU-D4fO26Fq6Ob5W=w761-h298-k-no, https://lh5.googleusercontent.com/p/AF1QipMZrAKLfCmxxWs7STo45E7npZPRis2ay69HWvNJ=w224-h298-k-no, https://lh5.googleusercontent.com/p/AF1QipN5eTwgUcqSw_KqaYinfcAYslHekOga9b1_zee5=w224-h298-k-no, https://lh5.googleusercontent.com/p/AF1QipOVEZiAQu9XmITM6KSVBi6P8I4p8xCnEdFeSVLA=w421-h298-k-no, https://lh5.googleusercontent.com/p/AF1QipPjrwLG5iakHhhoEJCUD0jhm8QJTa8WBKiDXf9Q=w224-h298-k-no, https://lh5.googleusercontent.com/p/AF1QipNFDPwyMzxfU1vH6QmrlNzK0VHpO1Yt-nVeRp_h=w420-h298-k-no, https://lh5.googleusercontent.com/p/AF1QipNTqH-jUOVRz_KJ_IjtxnxasFWigC-GliPQ5AuJ=w224-h298-k-no-pi-0-ya46.407887-ro-0-fo100",PizzaNemo45stars558,0334c0705b0dcefeb9903388377641f7,"[{'review_title': '', 'reviewer': 'Mila', 'review': 'They made a reservation instantly, with no problem, amazing service, they were quick and brought our accurate orders, food was absolutely delicious, they even gave us 2 10% discount coupons. Tipped the waiter accordingly. Definitely recommend.', 'review_age': '3 months ago'}, {'review_title': '', 'reviewer': 'Adrianna', 'review': 'Really tasty pizza and melted cheese. ‚ô•Ô∏è', 'review_age': '2 months ago'}, {'review_title': '', 'reviewer': 'Selos', 'review': ""These guys are amazing, I go there everytime.\n\nThe other day I ordered the wrong pizza and they cooked me a new one!! Even though it was my fault, didn't even charge me extra. Give them a go, good food great staff."", 'review_age': 'a month ago'}]","['41.1126332', '20.7964485']",20.7964485,41.1126332,"https://www.google.com/maps/place/Pizza+Nemo/@41.1126332,20.7964485,17z/data=!3m1!4b1!4m5!3m4!1s0x1350dca4f59b60f9:0xaf53853c78234a59!8m2!3d41.1126332!4d20.7986372?authuser=0&hl=en",2021-11-11T14:35:27Z
Burger Station 1,4.6 stars,59 reviews,Fast food restaurant,"St Clement of Ohrid, Ohrid 6000, North Macedonia",Located in: Complex Letnitsa,"Temporarily closedThursday, 12PM‚Äì7AM, Holiday hours, Hours might differ, Friday, 12PM‚Äì7AM, Holiday hours, Hours might differ, Saturday, 12PM‚Äì12AM, Holiday hours, Hours might differ, Sunday, Open 24 hours, Holiday hours, Hours might differ, Monday, 12PM‚Äì7AM, Holiday hours, Hours might differ, Tuesday, 12PM‚Äì7AM, Holiday hours, Hours might differ, Wednesday, 12PM‚Äì7AM, Holiday hours, Hours might differ",m.facebook.com,38975661664,"4Q7X+FW Ohrid, North Macedonia Copy plus code",,"https://lh5.googleusercontent.com/p/AF1QipMk-W3e27yudmHcdXRb5mHU_VHJ17HkpXIwjn7S=w397-h298-k-no, https://lh5.googleusercontent.com/p/AF1QipNPDD1J9fEwtm-aD3c66PzQDwGEU1HPitXGF5Ko=w421-h298-k-no, https://lh5.googleusercontent.com/p/AF1QipNRseU9HilvcLra11eEu7Xx1tdfI8bvroQPrn73=w397-h298-k-no, https://lh5.googleusercontent.com/p/AF1QipOJqTEfT_QMJ25jx6yc6Uq37Pi4JZPipI7HMeNk=w224-h298-k-no, https://lh5.googleusercontent.com/p/AF1QipMmukmirB0kC8WgPT5xJF1D6C_NHaJZXrQTqa0R=w397-h298-k-no, https://streetviewpixels-pa.googleapis.com/v1/thumbnail?panoid=K9cYIu3wZKyCHzv3j8d_nQ&cb_client=maps_sv.tactile.gps&w=224&h=298&yaw=281.59457&pitch=0&thumbfov=100",BurgerStation146stars59,698201fb632c8fb8fde7e7861774c99e,"[{'review_title': '', 'reviewer': 'Conor Brown', 'review': 'Best Burger I have ever tried! I had the Chilli burger with added cheese which had an amazing level of spice! My Girlfriend had the truffle burger which was also very nice! The brioche bun was amazing and the burger tasted so fresh! To top ‚Ä¶', 'review_age': '6 months ago'}, {'review_title': '', 'reviewer': 'Vanja', 'review': 'The burger was recommended to me number of times,  however i think that the sauces killed the magic. You could not taste the meat from the sauces. Also I think it is a pity to serve curry-mayo with truffle burger. The guys were super friendly.', 'review_age': '8 months ago'}, {'review_title': '', 'reviewer': 'Slavco Stojanoski', 'review': 'Best burgers in town, no doubt aboit it. Maybe the most expensive too, but it i worth it to pay the small difference in price with other burger places. Absolutely the best offer in burgers. To be fair, it is probably the only burger place ‚Ä¶', 'review_age': 'a year ago'}]","['41.1136321', '20.7975766']",20.7975766,41.1136321,"https://www.google.com/maps/place/Burger+Station+1/@41.1136321,20.7975766,17z/data=!3m1!4b1!4m5!3m4!1s0x1350dd725d0a9ed3:0xdf7d774aae842c2f!8m2!3d41.1136321!4d20.7997653?authuser=0&hl=en",2021-11-11T14:35:41Z
Ohrid City Bakery - –ì—Ä–∞–¥—Å–∫–∞ –ü–µ–∫–∞—Ä–∞ –û—Ö—Ä–∏–¥,4.5 stars,78 reviews,Bakery,"Boulevard Turistichka 47, Ohrid 6000, North Macedonia",,"Closing soon:, 6AM‚Äì4PMThursday, 6AM‚Äì4PM, Holiday hours, Hours might differ, Friday, 6AM‚Äì4PM, Holiday hours, Hours might differ, Saturday, 6AM‚Äì4PM, Holiday hours, Hours might differ, Sunday, 6AM‚Äì4PM, Holiday hours, Hours might differ, Monday, 6AM‚Äì4PM, Holiday hours, Hours might differ, Tuesday, 6AM‚Äì4PM, Holiday hours, Hours might differ, Wednesday, 6AM‚Äì4PM, Holiday hours, Hours might differ",business.site,38975259891,"4R65+JG Ohrid, North Macedonia Copy plus code",,"https://lh5.googleusercontent.com/p/AF1QipOetA7xyPdF_tcnI04s4dCKsFkqrfeRlYylfXqi=w397-h298-k-no, https://lh5.googleusercontent.com/p/AF1QipMLnGWGGMhXwn_qA9JfLXgcui0TAGA9Xe_rVMIY=w529-h298-k-no, https://lh5.googleusercontent.com/p/AF1QipMaWsGFNE1Je1dfq3k_E-DSHiZdtqFCfl6Lufhp=w397-h298-k-no, https://lh5.googleusercontent.com/p/AF1QipP2t4aDYMK51pRfouS3u7sCq5ikCRgw0Df2B5zq=w529-h298-k-no, https://streetviewpixels-pa.googleapis.com/v1/thumbnail?panoid=ov1TpFH79EGuIXdA96EVaw&cb_client=maps_sv.tactile.gps&w=224&h=298&yaw=245.39055&pitch=0&thumbfov=100",OhridCityBakery–ì—Ä–∞–¥—Å–∫–∞–ü–µ–∫–∞—Ä–∞–û—Ö—Ä–∏–¥45stars78,6bb66ed96e512af63c583159a6797439,"[{'review_title': '', 'reviewer': 'Ubaroz Ubaroz', 'review': 'Just lovely! Friendly and helpful and the pastries are excellent. You can sit and enjoy or get take away. Great value too, recommended!!', 'review_age': '3 months ago'}, {'review_title': '', 'reviewer': 'jelena mitrovic', 'review': 'I loved this bakery. Pies and pastry are quite cheap and very tasty. A woman who works there (Snezana) is so nice. There are tables in front of the bakery and inside the bakery where you can sit and enjoy your meal. The bus stop is near this bakery.', 'review_age': '2 years ago'}, {'review_title': '', 'reviewer': 'Keep Watching', 'review': 'Place with long tradition, best burek in town!', 'review_age': 'a year ago'}]","['41.1116204', '20.8065839']",20.8065839,41.1116204,"https://www.google.com/maps/place/Ohrid+City+Bakery+-+%D0%93%D1%80%D0%B0%D0%B4%D1%81%D0%BA%D0%B0+%D0%9F%D0%B5%D0%BA%D0%B0%D1%80%D0%B0+%D0%9E%D1%85%D1%80%D0%B8%D0%B4/@41.1116204,20.8065839,17z/data=!3m1!4b1!4m5!3m4!1s0x1350db58b0d15a0b:0xe4482ca524cdd358!8m2!3d41.1116209!4d20.8087733?authuser=0&hl=en",2021-11-11T14:35:55Z
Aleksandrija Restaurant,3.4 stars,7 reviews,Restaurant,"Kosta Abras, Ohrid, North Macedonia",,"Open now:, 8AM‚Äì12AMThursday, 8AM‚Äì12AM, Holiday hours, Hours might differ, Friday, 8AM‚Äì12AM, Holiday hours, Hours might differ, Saturday, 8AM‚Äì12AM, Holiday hours, Hours might differ, Sunday, 8AM‚Äì12AM, Holiday hours, Hours might differ, Monday, 8AM‚Äì12AM, Holiday hours, Hours might differ, Tuesday, 8AM‚Äì12AM, Holiday hours, Hours might differ, Wednesday, 8AM‚Äì12AM, Holiday hours, Hours might differ",,38976210727,,,"https://lh5.googleusercontent.com/p/AF1QipMjWJxYXbeCI-TvidL8nUAE7FLp5V3WSjWNyVBv=w224-h486-k-no, https://lh5.googleusercontent.com/p/AF1QipPaEoxFbjU3lokYiTWx_L6yNUCOXqpPPrHnwJM1=w224-h486-k-no, https://lh5.googleusercontent.com/p/AF1QipOeLwSCe4Vz8T1IHJ9NPQ23p39Dexz72hzVeVw=w224-h298-k-no, https://streetviewpixels-pa.googleapis.com/v1/thumbnail?panoid=n2ZCboRPjw76_jpxVfXuAg&cb_client=maps_sv.tactile.gps&w=224&h=298&yaw=138.75114&pitch=0&thumbfov=100",AleksandrijaRestaurant34stars7,b57a1b972f796c15e39ccc378090159c,"[{'review_title': '', 'reviewer': 'Jovana Miletikj', 'review': 'The staff in this restaurant is very rude to the point where they bring you uncooked food. We had pasta which was not cooked well and we got sick after it. Also I had the Frutti Di Mare pasta where I found a fish bone. The menu in this ‚Ä¶', 'review_age': '3 months ago'}, {'review_title': '', 'reviewer': 'Tamara Zariƒá', 'review': ""Amazing food and incredibly hospitable! Warm recommendations if you're nearby üëåüèª‚ú®"", 'review_age': '3 months ago'}, {'review_title': '', 'reviewer': 'Camille Dobremer', 'review': '(Translated by Google) Very pleasant waiters. Hearty and very affordable meals. Perfect lake view. No complaints ! ‚Ä¶', 'review_age': 'a month ago'}]","['41.1121515', '20.7942398']",20.7942398,41.1121515,"https://www.google.com/maps/place/Aleksandrija+Restaurant/@41.1121515,20.7942398,17z/data=!3m1!4b1!4m5!3m4!1s0x1350dca4f98e8b37:0x7e2db97528ef7f3f!8m2!3d41.1121515!4d20.7964285?authuser=0&hl=en",2021-11-11T14:36:09Z
Villa St. Sofija,4.4 stars,115 reviews,,"Kosta Abrash 64, Ohrid 6000, North Macedonia",,,vilasofija.com.mk,38946254370,"4Q6W+W2 Ohrid, North Macedonia Copy plus code",,"https://lh5.googleusercontent.com/p/AF1QipMrZy0EAhl0sDJ-KEXGK63dByA6Romv191fokam=w447-h298-k-no, https://lh5.googleusercontent.com/p/AF1QipNi0daK9sy4THuKmwpisgt-oZt9vXZIsyNcVQPs=w447-h298-k-no, https://lh5.googleusercontent.com/p/AF1QipMYAYat9cLShKXfjl6Wz7hxx1NG9hSu-ei9K0DB=w447-h298-k-no, https://lh5.googleusercontent.com/p/AF1QipOYz6GMU2YM1862uXywIPj8mZK1Ue9r20JBqWc_=w224-h460-k-no, https://lh5.googleusercontent.com/p/AF1QipOq5eE4VoIsLajJMRFh7I8myJSEn7D8FTMK9xgn=w529-h298-k-no, https://lh5.googleusercontent.com/p/AF1QipMwPMJ73RqEcnOgJf7aA_LC0xp8S5Q8j1ZOlBTN=w224-h336-k-no, https://lh5.googleusercontent.com/p/AF1QipOGPqpmw6OkNvV-i5fgRwFb9Vf5gjbdsMmI1mB6=w224-h298-k-no-pi-0-ya89.737595-ro-0-fo100, https://lh5.googleusercontent.com/p/AF1QipPFh8NDVSj3yziDgVAmcU4C917YE1jo1HBmQ3Ks=w224-h398-k-no",VillaStSofija44stars115,d68943e2f68f57f5931e45f703f11547,[],"['41.1122828', '20.7928664']",20.7928664,41.1122828,"https://www.google.com/maps/place/Villa+St.+Sofija/@41.1122828,20.7928664,17z/data=!3m1!4b1!4m8!3m7!1s0x1350dcbb2a00c283:0xfbe4fe997f3b84f9!5m2!4m1!1i2!8m2!3d41.1122828!4d20.7950551?authuser=0&hl=en",2021-11-11T14:36:24Z
Gostilnica Neim,4.6 stars,270 reviews,Barbecue restaurant,"MK, Goce Delchev 71, Ohrid 6000, North Macedonia",,"Open now:, 7AM‚Äì11PMThursday, 7AM‚Äì11PM, Holiday hours, Hours might differ, Friday, 7AM‚Äì11PM, Holiday hours, Hours might differ, Saturday, 7AM‚Äì11PM, Holiday hours, Hours might differ, Sunday, 7AM‚Äì11PM, Holiday hours, Hours might differ, Monday, 7AM‚Äì11PM, Holiday hours, Hours might differ, Tuesday, 7AM‚Äì11PM, Holiday hours, Hours might differ, Wednesday, 7AM‚Äì11PM, Holiday hours, Hours might differ",,38970212066,"4Q8X+P9 Ohrid, North Macedonia Copy plus code",,"https://lh5.googleusercontent.com/p/AF1QipNpHL8rMNSTdhbgsyw7ROVKl0Lvyn3poCkxLNU=w447-h298-k-no, https://lh5.googleusercontent.com/p/AF1QipMoL4zGi6pIIQjXVLviZTFeVNniOAATHcGpXOH-=w224-h298-k-no, https://lh5.googleusercontent.com/p/AF1QipM2UQPFR03IBlfc6Vr3Z_HCKLoyj7ZgJ5j45w3j=w224-h298-k-no, https://lh5.googleusercontent.com/p/AF1QipNqpja5VF6uBypbyyMq33mymPwkt7iB9P9_hzii=w224-h298-k-no, https://lh5.googleusercontent.com/p/AF1QipOK18W8RyUs38xt_rBggH-Q7ApzvdMOnGQ7Ln6R=w397-h298-k-no, https://streetviewpixels-pa.googleapis.com/v1/thumbnail?panoid=3KhelNKFi9NrrZpjRIOMcw&cb_client=maps_sv.tactile.gps&w=224&h=298&yaw=133.75378&pitch=0&thumbfov=100, https://lh5.googleusercontent.com/p/AF1QipPmm-7-Y8wK6C8_Ukc_-TUf44fQZfRtD_hrP1kq=w224-h398-k-no",GostilnicaNeim46stars270,a5f31f786292fcec73475b7f499f31b1,"[{'review_title': '', 'reviewer': 'Jamie', 'review': 'Great restaurant offering delicious traditional dishes and meats. This was one of the only places I found where you can order stuffed peppers and moussaka. Food came out quickly and tasted delicious.', 'review_age': '8 months ago'}, {'review_title': '', 'reviewer': 'Viktoria Radojkovic', 'review': 'THE best and most wonderful host you can imagine. The food is excellent and everything comes from the heart! It might not look special to western european eyes, but it is outstanding and has got a lot of soul and heart! Biker very welcome!', 'review_age': '2 months ago'}, {'review_title': '', 'reviewer': 'Sophia Mitina', 'review': 'Very tasty dishes!! We tasted mixed grill, fish, it was amazing, the service was excellent! Very kind and attentive!', 'review_age': 'a month ago'}]","['41.1168288', '20.7962964']",20.7962964,41.1168288,"https://www.google.com/maps/place/Gostilnica+Neim/@41.1168288,20.7962964,17z/data=!3m1!4b1!4m5!3m4!1s0x1350dca2f8c26f43:0xfeb2cb97afadc2e2!8m2!3d41.1168288!4d20.7984851?authuser=0&hl=en",2021-11-11T14:36:40Z
Saraishte Pizza Restaurant,4.0 stars,193 reviews,Pizza restaurant,"MK, Kosta Abrash, Ohrid 6000, North Macedonia",,"Temporarily closedHoliday hours, Hours might differ",saraishte.blogspot.com,38972307305,"4Q6W+R5 Ohrid, North Macedonia Copy plus code",,"https://lh5.googleusercontent.com/p/AF1QipOn1YQiwTLNqXvEM0NR7YK0-ZY90inzQQk1n1xd=w529-h298-k-no, https://lh5.googleusercontent.com/p/AF1QipO8JD2jLgERpWIfVlVzNzEqMRIsPdKBZRnycz11=w224-h398-k-no, https://lh5.googleusercontent.com/p/AF1QipN4vpbRG2qfNXsXM9RIohqT2rpFjB6fqZToCGjJ=w397-h298-k-no, https://lh5.googleusercontent.com/p/AF1QipOKvbBohzM-oxDW_fvtnbpZ23AFt8akstV0sZe2=w224-h398-k-no, https://streetviewpixels-pa.googleapis.com/v1/thumbnail?panoid=3FTuCw7RPLsb92cmvPuzsw&cb_client=maps_sv.tactile.gps&w=224&h=298&yaw=224.88885&pitch=0&thumbfov=100, https://lh5.googleusercontent.com/p/AF1QipP3wxc-P__2I8cGkBy5hxfdv0bxK3lXGcyUU_hI=w529-h298-k-no",SaraishtePizzaRestaurant40stars193,29f9a3327288cb37c91c3dbbcdcd13c7,"[{'review_title': '', 'reviewer': 'Filip Barakovski', 'review': 'A small restaurant right in the heart of the old town, with a small local beach 2 meters away. The food is average, but the prices are affordable and the location is unique. They serve pizza and barbecue.', 'review_age': '3 months ago'}, {'review_title': '', 'reviewer': 'Djet Urum', 'review': 'They were quick to bring the check and that was the only quick thing about them. Food is average at best. Sanitary conditions are not sub par but scary. Check out the inside of the restaurant and facilities before you order.', 'review_age': '6 months ago'}, {'review_title': '', 'reviewer': 'Ditte Lampe', 'review': 'Great pizza! Beautiful spot with a great view and we had the nicest waitress. Had a good laugh about the 7 cats that were keeping us company during dinner...', 'review_age': '2 years ago'}]","['41.1120146', '20.7932611']",20.7932611,41.1120146,"https://www.google.com/maps/place/Saraishte+Pizza+Restaurant/@41.1120146,20.7932611,17z/data=!3m1!4b1!4m5!3m4!1s0x1350dcbad4421609:0x6dfa67c177434cd8!8m2!3d41.1120146!4d20.7954498?authuser=0&hl=en",2021-11-11T14:36:55Z
Su Rooftop Restaurant,4.5 stars,384 reviews,Restaurant,"Kej Marsal Tito 91 A, Ohrid 6000, North Macedonia",,"Open now:, 7AM‚Äì1AMThursday, 7AM‚Äì1AM, Holiday hours, Hours might differ, Friday, 7AM‚Äì1AM, Holiday hours, Hours might differ, Saturday, 7AM‚Äì1AM, Holiday hours, Hours might differ, Sunday, 7AM‚Äì1AM, Holiday hours, Hours might differ, Monday, 7AM‚Äì1AM, Holiday hours, Hours might differ, Tuesday, 7AM‚Äì1AM, Holiday hours, Hours might differ, Wednesday, 7AM‚Äì1AM, Holiday hours, Hours might differ",suhotel.mk,38946258684,"4R44+XV Ohrid, North Macedonia Copy plus code",,"https://lh5.googleusercontent.com/p/AF1QipO11dVQaRS67gM5LAFjX0yRJz8q8htiFXRivB0S=w224-h298-k-no, https://lh5.googleusercontent.com/p/AF1QipPosyiPueDBQ9dXOnZhLXW6S4SVlKXM-_9Vd3Mp=w224-h497-k-no, https://lh5.googleusercontent.com/p/AF1QipMjrwwQCtXZfdbyP2tKGkJ1y_LkihEp6uST78vB=w224-h398-k-no, https://lh5.googleusercontent.com/p/AF1QipOqbntyH1HivsFy0Fv5Jaw5YqkZZrxgA0b0hgR0=w224-h298-k-no, https://lh5.googleusercontent.com/p/AF1QipNSOmtJWs5AEZnpmLXuHYM6XfT_-gLpSXHHkHN2=w224-h298-k-no, https://streetviewpixels-pa.googleapis.com/v1/thumbnail?panoid=tB-mwii_lRo2WSRoawcgJA&cb_client=maps_sv.tactile.gps&w=224&h=298&yaw=323.97714&pitch=0&thumbfov=100",SuRooftopRestaurant45stars384,bf4898f6fd66f5fcfc59dfa6835cea06,"[{'review_title': '', 'reviewer': 'Artur Corte', 'review': 'Really enjoyed eating at the Su Rooftop. Salads are a very good size and they have a good choice of bourbons. Really attentive staff as well. I went for dinner so I didn‚Äôt get to enjoy the view, but I‚Äôm sure during the day it‚Äôs great. Will most likely return again :)', 'review_age': '2 months ago'}, {'review_title': '', 'reviewer': 'Sara Filipovic', 'review': 'Really amazing view, and good food as well. I ate chicken stroganoff it was big portion and nice taste. Service is also great, very pleasant staff.', 'review_age': '3 months ago'}, {'review_title': '', 'reviewer': 'Josip Lazarevski', 'review': 'I ate the Farm burger and I can comfortably place it in the top 10 burgers I‚Äôve tried worldwide. Everything was spot on. Everything was homage and I could truly taste it. The Mayo awoke childhood memories :)', 'review_age': '5 months ago'}]","['41.1074216', '20.8050243']",20.8050243,41.1074216,"https://www.google.com/maps/place/Su+Rooftop+Restaurant/@41.1074216,20.8050243,17z/data=!3m1!4b1!4m5!3m4!1s0x1350dca806d5d649:0x7940caea2e819cce!8m2!3d41.1073786!4d20.8072408?authuser=0&hl=en",2021-11-11T14:37:08Z
PORTA - Restaurant & Lounge,4.4 stars,54 reviews,Restaurant,"Kosta Abrash 3, Ohrid 6000, North Macedonia",,"Open now:, 9AM‚Äì10PMThursday, 9AM‚Äì10PM, Holiday hours, Hours might differ, Friday, 9AM‚Äì10PM, Holiday hours, Hours might differ, Saturday, 9AM‚Äì10PM, Holiday hours, Hours might differ, Sunday, 9AM‚Äì10PM, Holiday hours, Hours might differ, Monday, 9AM‚Äì10PM, Holiday hours, Hours might differ, Tuesday, 9AM‚Äì10PM, Holiday hours, Hours might differ, Wednesday, 9AM‚Äì10PM, Holiday hours, Hours might differ",hotelaleksandrija.com,38970303717,"4Q6X+V7 Ohrid, North Macedonia Copy plus code",,"https://lh5.googleusercontent.com/p/AF1QipMgI6Jx1B0el2Mt3oD76VuAtKRfPiGdxGu-sJ_s=w397-h298-k-no, https://lh5.googleusercontent.com/p/AF1QipP7emmGVaBMLuIwew4Enk0pvcExk5ZW89doLA2A=w224-h298-k-no, https://lh5.googleusercontent.com/p/AF1QipOtm2WReE8zZ7IxdqnKVXej-DRZVF72GwL_AXws=w397-h298-k-no, https://lh5.googleusercontent.com/p/AF1QipPYVPUhNtqAN1WiS2SnEeiAOU0G_4fNUE951Luj=w224-h298-k-no, https://streetviewpixels-pa.googleapis.com/v1/thumbnail?panoid=iXNz14JoOceXORfEsAWH_g&cb_client=maps_sv.tactile.gps&w=224&h=298&yaw=192.57307&pitch=0&thumbfov=100, https://lh5.googleusercontent.com/p/AF1QipMyzzTxvayqfY6nYtc_OGE4Egvggfui3BHn3h7W=w530-h298-k-no",PORTARestaurantLounge44stars54,51d8aebffd94c4064a6b390fb868dbc7,"[{'review_title': '', 'reviewer': 'Jan L√§nge', 'review': 'Probably one of the best restaurants Ohrid has to offer, very high quality. Contemporary international cuisine (mix of Italian & American). ‚Ä¶', 'review_age': 'a month ago'}, {'review_title': '', 'reviewer': 'Giulio DaVinci', 'review': 'Amazing location close to the pier with a view of the lake. Had some very nice coffee and an amazing breakfast!', 'review_age': 'a month ago'}, {'review_title': '', 'reviewer': 'Kathy', 'review': 'Great view, kind staff and high prices but it s worth it. Recommend if you wanna enjoy the lake view and tasty food!', 'review_age': '3 months ago'}]","['41.1121675', '20.7959785']",20.7959785,41.1121675,"https://www.google.com/maps/place/PORTA+-+Restaurant+%26+Lounge/@41.1121675,20.7959785,17z/data=!3m1!4b1!4m5!3m4!1s0x1350dd20205cee43:0x2558ddc4ab05e4a0!8m2!3d41.1121675!4d20.7981672?authuser=0&hl=en",2021-11-11T14:37:23Z
The HarbouR Club,4.6 stars,69 reviews,Restaurant,"Macedonia, Ohrid, North Macedonia",,"Open now:, 8AM‚Äì1AMThursday, 8AM‚Äì1AM, Holiday hours, Hours might differ, Friday, 8AM‚Äì1AM, Holiday hours, Hours might differ, Saturday, 8AM‚Äì1AM, Holiday hours, Hours might differ, Sunday, 8AM‚Äì1AM, Holiday hours, Hours might differ, Monday, 8AM‚Äì1AM, Holiday hours, Hours might differ, Tuesday, 8AM‚Äì1AM, Holiday hours, Hours might differ, Wednesday, 8AM‚Äì1AM, Holiday hours, Hours might differ",harbour.mk,38946288233,"4R72+33 Ohrid, North Macedonia Copy plus code",,"https://lh5.googleusercontent.com/p/AF1QipM9j_e0esKPLKN6_qQRnj34z7dHJe0YeV_Z_i54=w224-h298-k-no, https://lh5.googleusercontent.com/p/AF1QipNO-KsZxVz30_yPuxyOQg_4TZbkRHVrP1j7gr4Q=w224-h298-k-no, https://lh5.googleusercontent.com/p/AF1QipMMTm-7fWp7zhLV1xAW1Pyezzb_UGt6VUYPwUDX=w224-h298-k-no, https://lh5.googleusercontent.com/p/AF1QipNpXPZYGvAKAbuqVELm14Q8hfHKLQOFEI96eLLB=w397-h298-k-no, https://streetviewpixels-pa.googleapis.com/v1/thumbnail?panoid=LlR6HioMgoAFOOFwlNaECw&cb_client=maps_sv.tactile.gps&w=224&h=298&yaw=67.74693&pitch=0&thumbfov=100",TheHarbouRClub46stars69,4cd284709b12b84a310d32319f1e86a8,"[{'review_title': '', 'reviewer': 'PJK LDN', 'review': 'Lovely centrally located restaurant and bar next to the harbour as the name mentions.  They have a really good wine list and the food is also excellent as well.  Also to note some nights they have a great dj.', 'review_age': 'a month ago'}, {'review_title': '', 'reviewer': 'Amanda Aleksova', 'review': 'Omggg just perfect. Perfect interior, staff and food', 'review_age': '2 months ago'}, {'review_title': '', 'reviewer': 'Paula', 'review': 'The food was fine but nothing special or outstanding that would be expected based on the prices. Service is super nice, great choice of wines. Inside the local is quite cold which during rainy weather was rather unpleasant. Brownie with ‚Ä¶', 'review_age': '3 weeks ago'}]","['41.1126301', '20.7980159']",20.7980159,41.1126301,"https://www.google.com/maps/place/The+HarbouR+Club/@41.1126301,20.7980159,17z/data=!3m1!4b1!4m5!3m4!1s0x1350ddb4a185b5df:0xf49ec62cb6aed35c!8m2!3d41.1126301!4d20.8002046?authuser=0&hl=en",2021-11-11T14:37:35Z
Restaurant Orfej,3.9 stars,310 reviews,Restaurant,"cc1 Partizanska, Ohrid 6000, North Macedonia",,"Open now:, 8AM‚Äì12AMThursday, 8AM‚Äì12AM, Holiday hours, Hours might differ, Friday, 8AM‚Äì12AM, Holiday hours, Hours might differ, Saturday, 8AM‚Äì12AM, Holiday hours, Hours might differ, Sunday, 8AM‚Äì12AM, Holiday hours, Hours might differ, Monday, 8AM‚Äì12AM, Holiday hours, Hours might differ, Tuesday, 8AM‚Äì12AM, Holiday hours, Hours might differ, Wednesday, 8AM‚Äì12AM, Holiday hours, Hours might differ",m.facebook.com,38975463446,"4R45+QW Ohrid, North Macedonia Copy plus code",,"https://lh5.googleusercontent.com/p/AF1QipPgduN87O16yiTsQ01Q8j-7OgC_EJldvUXVad2p=w397-h298-k-no, https://lh5.googleusercontent.com/p/AF1QipM-_wakfCBH8mSerENLleqJ31bj-Yhy23IB4bzn=w224-h374-k-no, https://lh5.googleusercontent.com/p/AF1QipOaDGLX9bj8f3dBK6GlFNFwe0RiqrJHQ6KMPox4=w224-h298-k-no, https://lh5.googleusercontent.com/p/AF1QipNcSh2g99tHG4Qy-s0h8DUNfF4c4BhGx756S3BW=w224-h397-k-no, https://lh5.googleusercontent.com/p/AF1QipNq0yRMHm4xS6nGDdZWorajR4SuOr91nUNFq_W0=w224-h298-k-no, https://lh5.googleusercontent.com/p/AF1QipOSbedEv3usGmDEC67WNoOcjN8_G9vJTo4K2_mt=w224-h298-k-no, https://streetviewpixels-pa.googleapis.com/v1/thumbnail?panoid=LJiceL1x5o43BzyCwBqgKw&cb_client=maps_sv.tactile.gps&w=224&h=298&yaw=93.428795&pitch=0&thumbfov=100, https://lh5.googleusercontent.com/p/AF1QipPjj9yM_vnSOqV5UeuRRQtoFnRoZ3zNLaPUpM7K=w224-h397-k-no",RestaurantOrfej39stars310,0d710622895d17f0645f07cfeff38b55,"[{'review_title': '', 'reviewer': 'Nick Sanders', 'review': 'Nice place. Lower prices than other restaurants and food is good. Service seemed ok.', 'review_age': '3 months ago'}, {'review_title': '', 'reviewer': 'Maja Jovanoska', 'review': 'Excellent personnel, tasteful food, very cheap. Highly recommended, i could say that is the best restaurant in Ohrid.', 'review_age': '2 months ago'}, {'review_title': '', 'reviewer': 'Filip Barakovski', 'review': 'If you want great food at a cheap price, this is the place for you. A lot of locals eat here, so the place is very authentic, both in food and atmosphere.', 'review_age': '3 months ago'}]","['41.106992', '20.8076303']",20.8076303,41.106992,"https://www.google.com/maps/place/Restaurant+Orfej/@41.106992,20.8076303,17z/data=!3m1!4b1!4m5!3m4!1s0x1350db5788714c19:0x378d5133558c0774!8m2!3d41.106992!4d20.809819?authuser=0&hl=en",2021-11-11T14:38:06Z
Le Petit Bistro Lihnidos,4.2 stars,"1,040 reviews",Fish & chips restaurant,"Kosta Abrash, Ohrid 6000, North Macedonia",,"Open now:, 8AM‚Äì12AMThursday, 8AM‚Äì12AM, Holiday hours, Hours might differ, Friday, 8AM‚Äì12AM, Holiday hours, Hours might differ, Saturday, 8AM‚Äì12AM, Holiday hours, Hours might differ, Sunday, 8AM‚Äì12AM, Holiday hours, Hours might differ, Monday, 8AM‚Äì12AM, Holiday hours, Hours might differ, Tuesday, 8AM‚Äì12AM, Holiday hours, Hours might differ, Wednesday, 8AM‚Äì12AM, Holiday hours, Hours might differ",facebook.com,,"4Q6X+XF Ohrid, North Macedonia Copy plus code",,"https://lh5.googleusercontent.com/p/AF1QipM_FsMCsNf7Iw2k6mGtQihOq3LuIeMU9VJZE47R=w397-h298-k-no, https://lh5.googleusercontent.com/p/AF1QipPiiD22oGz3BDEFhPDxKl4SwcmurpGLCH8PEStc=w224-h452-k-no, https://lh5.googleusercontent.com/p/AF1QipNEdjk5cSfDS4HxCdF5FOXOAMM4hv5WHog7RwOf=w529-h298-k-no, https://lh5.googleusercontent.com/p/AF1QipM3b62C_ASnR9HR-vy6lrHK1TIszlNoy7VfwFGa=w224-h298-k-no, https://streetviewpixels-pa.googleapis.com/v1/thumbnail?panoid=AY1P24q5YGzsHsn836EWHQ&cb_client=maps_sv.tactile.gps&w=224&h=298&yaw=29.511065&pitch=0&thumbfov=100, https://lh5.googleusercontent.com/p/AF1QipMH0Oh0nh8FU6n-Fz_TCfceSl-kupNInIpAHJUW=w224-h398-k-no",LePetitBistroLihnidos42stars1040,131cbef7fa77f3799c87a6759ebe3087,"[{'review_title': '', 'reviewer': 'Sally Schmidt', 'review': 'Great local hotspot in Ohrid to enjoy excellent cocktails in a warm and friendly environment. ‚Ä¶', 'review_age': '5 months ago'}, {'review_title': '', 'reviewer': 'Romeo Nijsse', 'review': 'I went here at night, because it was transformed into a club. Nice ambiance n stuff but the music was way too loud. I asked to turn the music down, but I got ignored. I write this the next morning and my head is still buzzing. What‚Äôs the ‚Ä¶', 'review_age': '2 weeks ago'}, {'review_title': '', 'reviewer': 'Toni Zizajkovski', 'review': 'Went there this morning for a breakfast. The waiter spilled the entire bowl of hot broth over me and now all my clothes including my shoes are destroyed as the stains are permanent. I understand accidents happen but what I was devastated ‚Ä¶', 'review_age': '3 months ago'}]","['41.1124525', '20.7965335']",20.7965335,41.1124525,"https://www.google.com/maps/place/Le+Petit+Bistro+Lihnidos/@41.1124525,20.7965335,17z/data=!3m1!4b1!4m5!3m4!1s0x1350dca458b1aa21:0xd3267f5310ee9315!8m2!3d41.1124525!4d20.7987222?authuser=0&hl=en",2021-11-11T14:38:21Z
Pizzeria Cosa Nostra,4.4 stars,385 reviews,Restaurant,"Kosta Abrash, Ohrid 6000, North Macedonia",,"Open now:, 10AM‚Äì12:59AMThursday, 10AM‚Äì12:59AM, Holiday hours, Hours might differ, Friday, 10AM‚Äì12:59AM, Holiday hours, Hours might differ, Saturday, 10AM‚Äì12:59AM, Holiday hours, Hours might differ, Sunday, 10AM‚Äì12AM, Holiday hours, Hours might differ, Monday, 10AM‚Äì12:59AM, Holiday hours, Hours might differ, Tuesday, 10AM‚Äì12:59AM, Holiday hours, Hours might differ, Wednesday, 10AM‚Äì12:59AM, Holiday hours, Hours might differ",,38946230240,"4Q6W+RP Ohrid, North Macedonia Copy plus code",,"https://lh5.googleusercontent.com/p/AF1QipOGvf2kWAUzx9uct1-nZf27Nw0WJZuLqjBm7vrc=w449-h298-k-no, https://lh5.googleusercontent.com/p/AF1QipOLgWhxVfFT9i1ES5BZe-Y-nM118CuQybQzOvev=w224-h497-k-no, https://lh5.googleusercontent.com/p/AF1QipMJ9bhG5oJx5jbrWsB1-bmAEpqHdobD0eOHNa5T=w224-h298-k-no, https://lh5.googleusercontent.com/p/AF1QipP0G7mxAmZgR-PqifG5mC6C8__RjDU2QoAmpzJ5=w662-h298-k-no, https://lh5.googleusercontent.com/p/AF1QipOQNludEPoRoh4Zq-G3M979gqV_CWsbRrDmXkcA=w529-h298-k-no, https://lh5.googleusercontent.com/p/AF1QipNxaSXg_eoh_5wMSUQf3COtoxgvEWthDJx_pHVZ=w397-h298-k-no, https://lh5.googleusercontent.com/p/AF1QipMESmw38OUBS1lCHwMtNXmk9XomgO5GspD44RRY=w224-h298-k-no-pi0-ya334.82504-ro-0-fo100, https://lh5.googleusercontent.com/p/AF1QipMJKXCDmNzBujiS9-vJ2Z2bbwAwyGYvx-aH9L7x=w529-h298-k-no",PizzeriaCosaNostra44stars385,1703c5c522c00f6fa32ab9de07fbbbd3,"[{'review_title': '', 'reviewer': 'Kastriot Pasholli', 'review': 'I am staying for the weekend in Ohrid and this is my favorite place from all the restaurants I had the chance to sit. The pasta was pretty good. The service was wonderful this made me write a review and come back today again. The waitress ‚Ä¶', 'review_age': '5 months ago'}, {'review_title': '', 'reviewer': 'Zoran Dimitrov (Zoran D)', 'review': 'One of the best pizza in Ohrid, the taste is mmm... The place is in the old town, accessible and cosy. Would recommend definitely', 'review_age': '6 months ago'}, {'review_title': '', 'reviewer': 'Stojan Velkov', 'review': ""Small terrace with barely 8 tables, limited view to the lake, live music from the opposite cafe. Definitely THE BEST PIZZA I've tried in a long time (four cheese variety), thin and crispy crust. Prices medium to high. ‚Ä¶"", 'review_age': '3 months ago'}]","['41.1121032', '20.7946479']",20.7946479,41.1121032,"https://www.google.com/maps/place/Pizzeria+Cosa+Nostra/@41.1121032,20.7946479,17z/data=!3m1!4b1!4m5!3m4!1s0x1350dca4dec037c1:0x6edfcf037f60ee48!8m2!3d41.1121032!4d20.7968366?authuser=0&hl=en",2021-11-11T14:38:51Z
NOA Lounge Bar,4.4 stars,800 reviews,Restaurant,"MK, Kosta Abrash 38, Ohrid 6000, North Macedonia",,"Open now:, 8AM‚Äì11:30PMThursday, 8AM‚Äì11:30PM, Holiday hours, Hours might differ, Friday, 8AM‚Äì11:30PM, Holiday hours, Hours might differ, Saturday, 8AM‚Äì11:30PM, Holiday hours, Hours might differ, Sunday, 8AM‚Äì11:30PM, Holiday hours, Hours might differ, Monday, Open 24 hours, Holiday hours, Hours might differ, Tuesday, 8AM‚Äì11:30PM, Holiday hours, Hours might differ, Wednesday, 8AM‚Äì11:30PM, Holiday hours, Hours might differ",facebook.com,38978408840,"4Q6W+PV Ohrid, North Macedonia Copy plus code",,"https://lh5.googleusercontent.com/p/AF1QipM59zCfhzl_z7SkZfyXRBUF6mAYALR_v-5fX-EZ=w224-h298-k-no-pi0-ya239.53827-ro-0-fo100, https://lh5.googleusercontent.com/p/AF1QipPTHJ2MnLx5ZhsDvS13EzvWGtuMsjyKlUJwANP2=w224-h497-k-no, https://lh5.googleusercontent.com/p/AF1QipOkk5EznYT20fDEnV2sgMWghBV-0q1RsGC71EUY=w224-h534-k-no, https://lh5.googleusercontent.com/p/AF1QipP0k_IwSMzXJgxI7PVlAXiob6a2zJyEavOqxXZ4=w529-h298-k-no, https://lh5.googleusercontent.com/p/AF1QipMKJ9W3aL90_u-vyA9DJ-yAMhaHZkExTzCgnYTp=w397-h298-k-no, https://lh5.googleusercontent.com/p/AF1QipNp3pJq7s0UdbpavieXqrANrdwX3HDd3mbnpDBm=w518-h298-k-no, https://lh5.googleusercontent.com/p/AF1QipMqH7su-j6q-DGux09rS0kcpvgA8ZtM1udddU22=w224-h298-k-no-pi-10-ya62.201756-ro-0-fo100, https://lh5.googleusercontent.com/p/AF1QipM06QxDLyiI25ir7k6wUuO9tlUFyHl2YmqVkKcQ=w529-h298-k-no",NOALoungeBar44stars800,78b24cc7bfb5bf0295c7961c835241e6,"[{'review_title': '', 'reviewer': 'Ivana Krsteva', 'review': ""Great lounge bar, good food with decent prices. Our waiter was very polite, fast and professional. Lovely lake view, relaxing atmosphere, enough space between tables. The tables are big enough and cleaned after each guest. There's awning on ‚Ä¶"", 'review_age': 'a month ago'}, {'review_title': '', 'reviewer': 'Andrej Trajkovski', 'review': ""I've visited Noa a few times and I've always enjoyed my time spent there. The view of the lake is great especially in the morning when you can try one of the delicious breakfast options. This place is good at night too. I've tried their ‚Ä¶"", 'review_age': '2 months ago'}, {'review_title': '', 'reviewer': 'Tale Fakic', 'review': 'Great view, good atmosphere, very fast and friendly service and very good food. It has decent prices considering it is a traveler spot. Will definitely come back to this place again', 'review_age': '3 months ago'}]","['41.1118546', '20.7949827']",20.7949827,41.1118546,"https://www.google.com/maps/place/NOA+Lounge+Bar/@41.1118546,20.7949827,17z/data=!3m1!4b1!4m5!3m4!1s0x1350dca4df0de56d:0xc4ede90f2525bcb1!8m2!3d41.1118546!4d20.7971714?authuser=0&hl=en",2021-11-11T14:39:11Z
Macedonian Pub Boulevard,4.4 stars,115 reviews,Restaurant,"MK, Boulevard Turistichka, Ohrid 6000, North Macedonia",,"Open now:, 9AM‚Äì12AMThursday, 9AM‚Äì12AM, Holiday hours, Hours might differ, Friday, 9AM‚Äì12AM, Holiday hours, Hours might differ, Saturday, 9AM‚Äì12AM, Holiday hours, Hours might differ, Sunday, 9AM‚Äì12AM, Holiday hours, Hours might differ, Monday, 9AM‚Äì12AM, Holiday hours, Hours might differ, Tuesday, 9AM‚Äì12AM, Holiday hours, Hours might differ, Wednesday, 9AM‚Äì12AM, Holiday hours, Hours might differ",business.site,38978853700,"4R82+PQ Ohrid, North Macedonia Copy plus code",,"https://lh5.googleusercontent.com/p/AF1QipP086FcCZcyvxFeGkCUc9ipRxW3SeRutQwBIGN1=w397-h298-k-no, https://lh5.googleusercontent.com/p/AF1QipPZecucuYfSaFBQb4999XfZo5Hjr1SYYV8dtuho=w224-h460-k-no, https://lh5.googleusercontent.com/p/AF1QipOg_wsXGjoLVxeVoTxTQNTeyHNI00OpC3b43CHR=w353-h298-k-no, https://lh5.googleusercontent.com/p/AF1QipOrV_yAAWbck5ljFTVwXhhfpJo8H3kxO_Z-bjNw=w397-h298-k-no, https://lh5.googleusercontent.com/p/AF1QipO4F3TvlhmWlM9iP0dovABMDEdhwc4FuBsxoaaR=w397-h298-k-no, https://streetviewpixels-pa.googleapis.com/v1/thumbnail?panoid=_bNKrLk1OJRfbFuV8EDZqw&cb_client=maps_sv.tactile.gps&w=224&h=298&yaw=217.2637&pitch=0&thumbfov=100",MacedonianPubBoulevard44stars115,c3710b8b124a8ef6f09d786a5770ce8f,"[{'review_title': '', 'reviewer': 'Faisal Arain', 'review': 'The place from outside looks rusty and strange from inside. I mean they have gambling machines and lot of alcohol on display. But they serve halal food. I tried their beef soup and roasted chicken. Both were good but beef soup was superb. ‚Ä¶', 'review_age': 'a month ago'}, {'review_title': '', 'reviewer': 'Mende Gjorgjievski', 'review': 'Good pub, lively atmosphere, We were there on Saturday evening and we had a lovely waitress, who chatted to us and looked after us really well. They serve excellent Macedonian dishes, best grilled chicken in town, and very tasty goulash. Tasty food for cheap prices.', 'review_age': '2 years ago'}, {'review_title': '', 'reviewer': 'Kemko', 'review': 'Good prices, not that bad food but too windy inside.', 'review_age': 'a year ago'}]","['41.1167641', '20.7997343']",20.7997343,41.1167641,"https://www.google.com/maps/place/Macedonian+Pub+Boulevard/@41.1167641,20.7997343,17z/data=!3m1!4b1!4m5!3m4!1s0x1350dca18bc266af:0xde693b518ad47e8c!8m2!3d41.1167641!4d20.801923?authuser=0&hl=en",2021-11-11T14:39:23Z
Di Angolo Pizzeria,4.6 stars,978 reviews,Pizza restaurant,"Petar Chaulev 31, Ohrid 6000, North Macedonia",,"Open now:, 10AM‚Äì1AMThursday, 10AM‚Äì1AM, Holiday hours, Hours might differ, Friday, 10AM‚Äì1AM, Holiday hours, Hours might differ, Saturday, 10AM‚Äì1AM, Holiday hours, Hours might differ, Sunday, 10AM‚Äì1AM, Holiday hours, Hours might differ, Monday, 10AM‚Äì1AM, Holiday hours, Hours might differ, Tuesday, 10AM‚Äì1AM, Holiday hours, Hours might differ, Wednesday, 10AM‚Äì1AM, Holiday hours, Hours might differ",diangolo-ohrid.mk,38946260003,"4Q7X+5G Ohrid, North Macedonia Copy plus code",,"https://lh5.googleusercontent.com/p/AF1QipOiiyMGuGUB4W-1H4OLQGyXtUwNViWHXz7y2bOb=w445-h298-k-no, https://lh5.googleusercontent.com/p/AF1QipPRZLdlct1Z03JSrkRBe3JwAAn5QVoUJSKTVsjq=w224-h398-k-no, https://lh5.googleusercontent.com/p/AF1QipM5znz76TqUNGXvgMCZLvYGWQmEbnfEbAiJlIf3=w445-h298-k-no, https://lh5.googleusercontent.com/p/AF1QipOUXJOzIyADdSJYnDbJkgcA7_8AHVE986kl8gnS=w298-h298-k-no, https://lh5.googleusercontent.com/p/AF1QipOKDKvVFLN5ilignfRl-yjIXIMqHxBfAVmMxOoL=w224-h335-k-no, https://lh5.googleusercontent.com/p/AF1QipP10E28pt8Tg48ajbD4SKowS2DA7iH0v8DKp4Bz=w224-h298-k-no-pi0-ya323.11533-ro-0-fo100, https://lh5.googleusercontent.com/p/AF1QipPNAdqEzsUEnwvZNUANilz-inz1bDZHRjubHrvS=w224-h398-k-no",DiAngoloPizzeria46stars978,9f8d4fb64c0917318254e785f3f03ace,"[{'review_title': '', 'reviewer': 'Ralf Stutz', 'review': 'Friendly service and great food. Nice atmosphere. Recommended!', 'review_age': 'a month ago'}, {'review_title': '', 'reviewer': 'Z.M. Todorovski', 'review': 'Good quality,  but relatively expensive..service was excellent', 'review_age': '3 months ago'}, {'review_title': '', 'reviewer': 'Micronetics MN-SPC', 'review': 'Food ok the deserts even better.', 'review_age': '3 months ago'}]","['41.11297', '20.7966793']",20.7966793,41.11297,"https://www.google.com/maps/place/Di+Angolo+Pizzeria/@41.11297,20.7966793,17z/data=!3m1!4b1!4m5!3m4!1s0x1350dca460038775:0x25bcac6e6626c59!8m2!3d41.11297!4d20.798868?authuser=0&hl=en",2021-11-11T14:39:37Z
Di Angolo Pizzeria,4.6 stars,978 reviews,Pizza restaurant,"Petar Chaulev 31, Ohrid 6000, North Macedonia",,"Open now:, 10AM‚Äì1AMThursday, 10AM‚Äì1AM, Holiday hours, Hours might differ, Friday, 10AM‚Äì1AM, Holiday hours, Hours might differ, Saturday, 10AM‚Äì1AM, Holiday hours, Hours might differ, Sunday, 10AM‚Äì1AM, Holiday hours, Hours might differ, Monday, 10AM‚Äì1AM, Holiday hours, Hours might differ, Tuesday, 10AM‚Äì1AM, Holiday hours, Hours might differ, Wednesday, 10AM‚Äì1AM, Holiday hours, Hours might differ",diangolo-ohrid.mk,38946260003,"4Q7X+5G Ohrid, North Macedonia Copy plus code",,"https://lh5.googleusercontent.com/p/AF1QipOiiyMGuGUB4W-1H4OLQGyXtUwNViWHXz7y2bOb=w445-h298-k-no, https://lh5.googleusercontent.com/p/AF1QipPRZLdlct1Z03JSrkRBe3JwAAn5QVoUJSKTVsjq=w224-h398-k-no, https://lh5.googleusercontent.com/p/AF1QipM5znz76TqUNGXvgMCZLvYGWQmEbnfEbAiJlIf3=w445-h298-k-no, https://lh5.googleusercontent.com/p/AF1QipOUXJOzIyADdSJYnDbJkgcA7_8AHVE986kl8gnS=w298-h298-k-no, https://lh5.googleusercontent.com/p/AF1QipOKDKvVFLN5ilignfRl-yjIXIMqHxBfAVmMxOoL=w224-h335-k-no, https://lh5.googleusercontent.com/p/AF1QipP10E28pt8Tg48ajbD4SKowS2DA7iH0v8DKp4Bz=w224-h298-k-no-pi0-ya323.11533-ro-0-fo100, https://lh5.googleusercontent.com/p/AF1QipPNAdqEzsUEnwvZNUANilz-inz1bDZHRjubHrvS=w224-h398-k-no",DiAngoloPizzeria46stars978,9f8d4fb64c0917318254e785f3f03ace,"[{'review_title': '', 'reviewer': 'Ralf Stutz', 'review': 'Friendly service and great food. Nice atmosphere. Recommended!', 'review_age': 'a month ago'}, {'review_title': '', 'reviewer': 'Z.M. Todorovski', 'review': 'Good quality,  but relatively expensive..service was excellent', 'review_age': '3 months ago'}, {'review_title': '', 'reviewer': 'Micronetics MN-SPC', 'review': 'Food ok the deserts even better.', 'review_age': '3 months ago'}]","['41.11297', '20.7966793']",20.7966793,41.11297,"https://www.google.com/maps/place/Di+Angolo+Pizzeria/@41.11297,20.7966793,17z/data=!3m1!4b1!4m5!3m4!1s0x1350dca460038775:0x25bcac6e6626c59!8m2!3d41.11297!4d20.798868?authuser=0&hl=en",2021-11-11T14:39:37Z
